Wireless Earbuds,Enjoy music without wires with these Bluetooth-enabled earbuds. Comes with a charging case for convenience.,100,A1
Fitness Tracker,"Keep track of your daily activity with this sleek fitness tracker. Monitors steps calories burned, and heart rate.",50,A2
Portable Charger,Never run out of battery again with this portable charger. Compatible with most devices.,200,A3
Smartwatch,Stay connected and on top of your fitness goals with this stylish and functional smartwatch.,75,B1
Bluetooth Speaker,Take your music with you anywhere with this portable Bluetooth speaker. Water-resistant and durable.,150,B2
Wireless Headphones,Experience premium sound quality without wires with these Bluetooth-enabled headphones. Noise-cancelling feature for a more immersive listening experience.,100,B3
Tablet,Stay productive and entertained on-the-go with this powerful tablet. Large screen and long battery life.,50,C1
Laptop,Powerful and reliable laptop for all your computing needs. Comes with pre-installed software for your convenience.,25,C2
Smart Home Hub,Control your smart home devices with ease using this hub. Voice-activated and easy to set up.,30,C3
Smart Thermostat,Save energy and money with this smart thermostat. Can be controlled from your phone and learns your preferences.,40,D1
Wireless Keyboard and Mouse,Reduce clutter on your desk with this wireless keyboard and mouse set. Comfortable and easy to use.,75,D2
External Hard Drive,Keep your important files safe and secure with this external hard drive. Large storage capacity and easy to use.,100,D3
Smart Speaker,Enjoy immersive sound and voice control with this smart speaker. Can be connected to other smart devices for a seamless experience.,50,B1
Wireless Mouse,Move and click with ease with this wireless mouse. Ergonomic design for comfortable use.,100,D2
Bluetooth Headset,Take calls and listen to music on-the-go with this Bluetooth-enabled headset. Noise-cancelling feature for clear conversations.,75,C3
Wireless Charging Pad,Charge your phone without cables with this wireless charging pad. Compatible with most smartphones.,150,B1
Smart Plug,Control your appliances with your voice or phone with this smart plug. Can be scheduled to turn on or off at specific times.,100,C2
Universal Remote,Control all your home entertainment devices with this universal remote. Easy to program and use.,30,A3
Drone,Capture stunning aerial footage with this high-performance drone. Comes with a built-in camera and easy-to-use controls.,20,A1
Action Camera,Capture all your adventures in stunning detail with this compact and durable action camera. Waterproof and shockproof.,40,D2
Virtual Reality Headset,Experience immersive virtual reality with this high-quality headset. Compatible with most smartphones.,25,B3
Wireless Router,Get lightning-fast internet speeds with this wireless router. Easy to set up and use.,50,A1
Wireless Charging Stand,Charge your phone in style with this sleek wireless charging stand. Compatible with most smartphones.,75,C2
Smart Lock,Secure your home with this smart lock. Can be controlled from your phone and allows for keyless entry.,30,C3
Wireless Router and Modem,Get high-speed internet and Wi-Fi with this all-in-one router and modem. Compatible with most internet providers.,20,D1
External SSD,Transfer and store files quickly and securely with this external SSD. Large storage capacity and compact design.,50,C2
Bluetooth Keyboard,Type with ease on this Bluetooth-enabled keyboard. Compatible with most devices.,100,D3
Wireless Phone Charger,Charge your phone without cables with this portable wireless phone charger. Compact and easy to use.,150,B1
Smart Scale,Track your weight and other health metrics with this smart scale. Can be connected to your phone for easy tracking.,25,A2
Bluetooth Car Adapter,Listen to music and take calls while driving with this Bluetooth-enabled car adapter. Hands-free calling for safety.,75,C3
Wireless Router and Range Extender,Get high-speed internet and extended Wi-Fi coverage with this all-in-one router and range extender. Easy to set up and use.,40,B1
Smartwatch and Fitness Tracker,"Stay connected and on top of your fitness goals with this stylish and functional smartwatch and fitness tracker. Monitors steps, calories burned, and heart rate.",50,D2
Wireless Earbuds,Enjoy your favorite tunes with these high-quality wireless earbuds. Sweat and water-resistant for use during exercise.,100,B3
Smart Thermostat,Control the temperature of your home from your phone with this smart thermostat. Can be programmed for energy savings.,30,C1
Wireless Gaming Mouse,Get the edge in gaming with this high-performance wireless gaming mouse. Customizable RGB lighting for a personalized look.,50,C2
Bluetooth Soundbar,Upgrade your home entertainment system with this Bluetooth-enabled soundbar. Produces high-quality sound for movies and music.,25,B3
Smart Doorbell,Answer your door from anywhere with this smart doorbell. Can be connected to your phone and features motion detection.,20,B1
Wireless Charging Car Mount,Charge your phone while driving and use it hands-free with this wireless charging car mount. Compatible with most smartphones.,75,C2
Smart Bike Lock,Secure your bike with this smart bike lock. Can be controlled from your phone and features a built-in alarm.,40,D3
Bluetooth Headphones,Listen to music and take calls with these high-quality Bluetooth headphones. Over-ear design for comfortable use.,100,D1
Wireless Sound System,Get immersive sound with this wireless sound system. Can be connected to your phone and features customizable EQ settings.,30,B2
Smart Light Bulbs,Control the lighting in your home with these smart light bulbs. Can be controlled from your phone and features adjustable brightness and color.,50,D3
Wireless Portable Speaker,Take your music anywhere with this wireless portable speaker. Water-resistant for use outdoors.,75,A1
Smart Vacuum Cleaner,Keep your home clean with this smart vacuum cleaner. Can be controlled from your phone and features advanced sensors for efficient cleaning.,20,C2
Wireless Ergonomic Mouse,Reduce strain on your hand and wrist with this wireless ergonomic mouse. Customizable buttons for personalized use.,50,A1
Bluetooth Game Controller,Get the ultimate gaming experience with this Bluetooth-enabled game controller. Compatible with most gaming systems.,25,C1
Smart Door Lock,Secure your home with this smart door lock. Can be controlled from your phone and features customizable access codes.,30,A2
Wireless Charging Pad,Charge your phone without cables with this sleek wireless charging pad. Compatible with most smartphones.,100,D3
Smart Thermostat with Voice Control,Control the temperature of your home with your voice with this smart thermostat. Compatible with most voice assistants.,50,C1
Wireless Noise-Cancelling Headphones,Enjoy your music in peace with these wireless noise-cancelling headphones. Over-ear design for maximum comfort.,75,D2
Smartphone,iPhone 13 Pro Max,10,A1
Laptop,MacBook Pro,5,A2
Smartwatch,Apple Watch Series 7,20,A3
Smart Speaker,Google Nest Audio,15,B1
Wireless Earbuds,AirPods Pro,30,B2
Virtual Reality Headset,Oculus Quest 2,8,B3
Gaming Laptop,ASUS ROG Zephyrus G15,4,C1
Gaming Mouse,Logitech G Pro X Superlight,25,C2
Gaming Keyboard,HyperX Alloy FPS Pro,20,C3
Bluetooth Speaker,JBL Flip 5,12,D1
Smart TV,Samsung QN90A,6,D2
Soundbar,Bose Soundbar 700,8,D3
Smart Thermostat,Nest Learning Thermostat,18,A1
Security Camera,Arlo Pro 4,10,A2
Tablet,iPad Pro,15,A3
Fitness Tracker,Fitbit Charge 5,25,B1
Wireless Charger,Mophie 3-in-1 Wireless Charging Pad,20,B2
Portable Power Bank,Anker PowerCore 26800mAh,30,B3
Smart Home Hub,Amazon Echo Show 10,10,C1
DJI Drone,DJI Mavic Air 2,5,C2
Apple iPhone 13,Smartphone,10,A1
Samsung Galaxy S21,Smartphone,20,A1
Sony BRAVIA X90J,4K HDR TV,5,B1
Bose QuietComfort 35 II,Wireless Headphones,15,B2
Amazon Echo Dot (4th Gen),Smart Speaker,25,C1
Samsung Galaxy Watch 4,Smartwatch,10,C2
Apple AirPods Pro,Wireless Earbuds,20,D1
Nintendo Switch OLED,Game Console,5,D2
LG UltraGear 27GN950-B,Gaming Monitor,8,A2
Microsoft Surface Pro 8,Tablet/Laptop,15,A3
DJI Mavic 3,Drone,5,B3
GoPro HERO10 Black,Action Camera,10,B3
Garmin Forerunner 945,Smartwatch,12,C3
Sonos Beam,Soundbar,18,C3
Sony WH-1000XM4,Wireless Headphones,20,D3
HP OMEN 30L, Gaming Desktop,5,D2
Apple iPad Air,Tablet,15,A1
Samsung Galaxy Tab S7+,Tablet,10,B2
Sony PlayStation 5,Game Console,5,C2
Microsoft Xbox Series X,Game Console,8,D1
LG CX Series OLED TV,4K HDR TV,12,A2
Samsung Q80T Series QLED TV,4K HDR TV,20,B1
Apple MacBook Pro, Laptop,10,C1
Dell XPS 13, Laptop,15,D3
HP Spectre x360, Laptop,12,A3
Razer Blade 15 Advanced, Gaming Laptop,8,B3
Acer Predator Helios 300, Gaming Laptop,5,C3
Asus ROG Zephyrus G14, Gaming Laptop,10,D2
LG Gram 16, Laptop,18,A3
Apple Mac Mini, Desktop,12,B2
Dell G5 Gaming Desktop, Gaming Desktop,8,C2
HP Pavilion 590-p0066, Desktop,15,D1
Alienware Aurora R12, Gaming Desktop,5,A2
ASUS TUF Gaming Desktop, Gaming Desktop,10,B1
Corsair One i200, Gaming Desktop,5,C1
Lenovo Legion C3 Gaming Desktop, Gaming Desktop,12,D3
HP Envy 32 All-in-One, Desktop,10,A1
Microsoft Surface Studio 2, Desktop,5,B3
ASUS Zen AiO 27, Desktop,20,C3
Acer Aspire C27 All-in-One, Desktop,15,D2
LG UltraFine 5K Display, Monitor,8,A1
Samsung Odyssey G7, Gaming Monitor,12,B2
ASUS ROG Swift PG279QZ, Gaming Monitor,20,C2
Dell Alienware AW3420DW, Gaming Monitor,5,D1
ViewSonic Elite XG270QG, Gaming Monitor,15,A2
LG 27GN800-B, Gaming Monitor,10,B1
BenQ EL2870U, 4K Monitor,18,C1
Smartphone,Xiaomi Redmi Note 10 Pro,50,A2
Smartwatch,Apple Watch Series 7,25,B1
Laptop,Lenovo ThinkPad X1 Carbon,20,C2
Gaming Console,PlayStation 5,10,D1
TV,Samsung 55-inch QLED 4K Ultra HD Smart TV,15,A3
Bluetooth Speaker,Ultimate Ears WONDERBOOM 2,40,B2
Headphones,Sony WH-1000XM4,30,C3
Tablet,iPad Pro 12.9-inch,5,A1
Camera,Sony a7 III Mirrorless Digital Camera,10,D2
Wireless Earbuds,Apple AirPods Pro,50,A2
Smart Speaker,Amazon Echo (4th Gen),20,B1
Smart Display,Google Nest Hub (2nd Gen),15,C2
Gaming Mouse,Razer DeathAdder V2,30,D1
Keyboard,Logitech K810 Illuminated Bluetooth Keyboard,25,A3
Projector,Anker Nebula Capsule,10,B2
VR Headset,Oculus Quest 2,5,C3
Monitor,Dell UltraSharp U2720Q,20,A1
Printer,Canon PIXMA TR150 Wireless Portable Printer,15,D2
External Hard Drive,Seagate Expansion 2TB Portable External Hard Drive,40,A2
Portable Charger,Anker PowerCore 26800 Portable Charger,30,B1
Power Bank,Xiaomi Mi Power Bank Pro,50,C2
Fitness Tracker,FITBIT Charge 5,20,D1
Action Camera,GoPro HERO9 Black,10,A3
Drone,DJI Mavic Air 2,5,B2
Graphics Card,MSI GeForce RTX 3080,15,C3
Smart Thermostat,Nest Learning Thermostat (3rd Gen),10,D2
Wireless Router,NETGEAR Nighthawk AX12,20,A1
Home Security Camera,Arlo Pro 3 Wireless Security Camera,15,D2
Wireless Gaming Headset,SteelSeries Arctis 7,30,A2
Computer Speakers,Logitech Z623 2.1 Speaker System,25,C2
Apple MacBook Air,M1 Chip,10,A1
Sony Noise Cancelling Headphones,Over Ear,15,A2
Samsung QLED TV,55-inch,5,A3
Dell XPS Laptop,Intel Core i7,12,B1
LG UltraGear Gaming Monitor,27-inch,8,B2
Microsoft Surface Pro 7,Intel Core i5,20,B3
Bose SoundLink Revolve+ Portable Bluetooth Speaker,Water Resistant,18,C1
Canon EOS R6 Mirrorless Camera,Full-Frame Sensor,7,C2
Google Nest Hub Max,Smart Display,14,C3
Jabra Elite 75t Wireless Earbuds,Active Noise Cancelling,30,D1
GoPro HERO9 Black,5K Video,9,D2
Apple iPad Pro,12.9-inch,11,D3
Samsung Galaxy Tab S7,11-inch,13,A1
JBL Flip 5 Portable Waterproof Speaker,12-hour Battery Life,22,A2
ASUS ROG Strix G15 Gaming Laptop,"AMD Ryzen 9,6-core,16GB RAM",9,A3
Logitech G Pro X Wireless Gaming Headset,DTS Headphone:X 2.0 Surround Sound,15,B1
HP Spectre x360 Convertible Laptop,"Intel Core i7,16GB RAM,512GB SSD",12,B2
Sony Alpha a7 III Mirrorless Camera,"24.2MP Full-Frame Sensor,8K Video",7,B3
Sennheiser Momentum True Wireless 2 Earbuds,"ANC,7-hour Battery Life",25,C1
Razer Blade Pro 17 Gaming Laptop,"Intel Core i7,16GB RAM,1TB SSD",10,C2
Nikon Z7 II Mirrorless Camera,"45.7MP Full-Frame Sensor,4K Video",5,C3
Apple AirPods Pro,ANC Transparency Mode,28,D1
Samsung Galaxy Buds Pro,ANC Wireless Charging,21,D2
DJI Mavic Air 2S Drone,4K Video 31-minute Flight Time,9,D3
Xbox Series X,8-core AMD Zen 2 CPU 12 Teraflops GPU 3.8 GHz,6,A1
Sony PlayStation 5,AMD Zen 2 CPU 10.28 Teraflops GPU 3.5 GHz,8,A2
Nintendo Switch,Hybrid Console 9-hour Battery Life,11,A3
HP Omen Obelisk Gaming Desktop,Intel Core i9 RTX 3080 32GB RAM,7,B1
LG OLED TV,CX Series 48-inch 5mm Thin Panel,14,B2
Microsoft Xbox Wireless Controller,Bluetooth 40-hour Battery Life,27,B3
Smartphone Charger,Charge your phone quickly and easily with this high-speed charger,50,A2
Wireless Headphones,Experience great sound quality with these wireless headphones,30,A3
Bluetooth Speaker,Listen to music on the go with this portable Bluetooth speaker,20,B1
Smartwatch,Stay connected and track your fitness with this versatile smartwatch,25,B2
Portable Power Bank,Charge your devices on the go with this compact and powerful power bank,40,B3
USB Flash Drive,Store and transfer your files easily with this USB flash drive,75,C1
HDMI Cable,Connect your devices to your TV with this high-quality HDMI cable,60,C2
Wireless Keyboard and Mouse,Easily control your computer from a distance with this wireless keyboard and mouse combo,15,C3
Gaming Mouse,Get the edge you need with this high-performance gaming mouse,10,D1
Gaming Keyboard,Dominate your opponents with this customizable gaming keyboard,5,D2
VR Headset,Experience virtual reality like never before with this immersive VR headset,8,D3
Smart Home Security Camera,Keep an eye on your home with this high-tech security camera,15,A1
Wireless Router,Connect all your devices to the internet with this reliable wireless router,20,A2
Laptop Cooler,Keep your laptop running smoothly and cool with this laptop cooler,12,A3
External Hard Drive,Store and backup all your important files with this external hard drive,18,B1
USB-C Hub,Connect all your devices to your USB-C laptop with this versatile hub,30,B2
Wireless Gaming Controller,Experience gaming like never before with this wireless gaming controller,10,B3
Wireless Earbuds,Listen to music and take calls without wires with these wireless earbuds,40,C1
Smart Thermostat,Control your home's temperature from anywhere with this smart thermostat,8,C2
WiFi Range Extender,Extend the range of your WiFi signal with this easy-to-use range extender,15,C3
Smart LED Bulb,Control your home's lighting from your phone with this smart LED bulb,25,D1
Wireless Gaming Headset,Experience immersive sound quality with this wireless gaming headset,5,D2
Gaming Monitor,Get the most out of your gaming experience with this high-performance gaming monitor,3,D3
USB Microphone,Record high-quality audio with this easy-to-use USB microphone,20,A1
Gaming Laptop,Dominate your opponents with this powerful and portable gaming laptop,2,A2
Wireless Presenter,Make your presentations stand out with this wireless presenter,10,A3
Webcam,Upgrade your video calls and meetings with this high-quality webcam,25,B1
Smart Door Lock,Secure your home with this high-tech smart door lock,8,B2
Portable Bluetooth Keyboard,Type easily on the go with this portable Bluetooth keyboard,15,B3
Headphones, Sony WH-1000XM4,20,B1
Smartphone, Samsung Galaxy S21,15,C2
Tablet, Apple iPad Air,8,A3
Gaming Monitor, ASUS ROG Swift PG279Q,5,D3
Bluetooth Speaker, JBL Flip 5,12,A1
Smartwatch, Apple Watch Series 6,7,B2
Wireless Earbuds, Bose QuietComfort Earbuds,25,C3
Gaming Keyboard, Corsair K100 RGB,6,A2
Printer, HP OfficeJet Pro 9025,3,B3
Virtual Reality Headset, Oculus Quest 2,4,C1
Smart Home Hub, Google Nest Hub Max,10,D3
External Hard Drive, WD Black P10 Game Drive,14,A1
Wireless Router, ASUS RT-AX88U,2,B2
Computer Speakers, Logitech Z906,9,C3
Smart Thermostat, Nest Learning Thermostat,6,A3
Portable Charger, Anker PowerCore 26800,18,D2
Gaming Mouse, Razer DeathAdder V2,5,B1
TV, LG OLED55CXPUA,3,C2
Smart Scale, Withings Body+,8,D1
Wireless Charging Pad, Belkin Boost Charge,16,A2
Webcam, Logitech C120 HD Pro,7,B3
Electric Toothbrush, Philips Sonicare DiamondClean,10,C1
Fitness Tracker, Fitbit Charge 4,12,D3
Smart Lock, August Wi-Fi Smart Lock,4,A1
Gaming Headset, HyperX Cloud II,9,B2
Power Strip, Anker PowerPort Strip,15,C3
Portable SSD, Samsung T7 Touch,6,A3
Wi-Fi Range Extender, TP-Link RE650,3,D2
Dash Cam, Garmin Dash Cam 56,5,B1
Wireless Bluetooth Earbuds,Enjoy high-quality sound and convenient hands-free calling with these wireless earbuds.,100,A1
Smart Home Security Camera,Monitor your home from anywhere with this easy-to-install smart security camera.,50,A1
Ultra-Thin Laptop,Get fast performance and stunning visuals with this lightweight laptop.,20,A2
Wireless Charging Pad,Charge your phone quickly and wirelessly with this sleek charging pad.,150,A2
Smart Thermostat,Save money on your energy bill with this intelligent thermostat that learns your schedule.,30,A3
Noise-Canceling Headphones,Block out distracting sounds and enjoy your favorite music with these noise-canceling headphones.,75,A3
Smart TV,Experience breathtaking picture quality and easy access to streaming services with this smart TV.,10,B1
Gaming Laptop,Get the power you need to run the latest games with this high-performance gaming laptop.,15,B1
Wireless Bluetooth Speaker,Bring your music with you wherever you go with this portable Bluetooth speaker.,200,B2
Smart Watch,Stay connected and track your fitness goals with this stylish and functional smartwatch.,50,B2
Virtual Reality Headset,Step into a new world of immersive entertainment with this virtual reality headset.,25,B3
Bluetooth Car Kit,Make hands-free calls and stream music from your phone while you drive with this Bluetooth car kit.,100,B3
Wireless Mouse,Enjoy freedom of movement and precise control with this wireless mouse.,150,C1
Portable External Hard Drive,Keep your important files safe and easily accessible with this portable hard drive.,50,C1
Smartphone Gimbal Stabilizer,Capture smooth and stable video footage with this smartphone gimbal stabilizer.,30,C2
Wireless Keyboard,Work comfortably and efficiently with this wireless keyboard.,100,C2
Smart Home Assistant,Get answers to your questions and control your smart home devices with this voice-activated assistant.,40,C3
Portable Bluetooth Projector,Project your favorite movies and videos onto any surface with this portable Bluetooth projector.,15,C3
Wireless Gaming Controller,Experience precise control and an immersive gaming experience with this wireless controller.,75,D1
Tablet Stand,View your tablet hands-free and at the perfect angle with this adjustable tablet stand.,200,D1
Smart Speaker,Enjoy high-quality audio and voice control of your smart home devices with this smart speaker.,50,D2
Wireless Router,Experience fast and reliable internet speeds with this high-performance wireless router.,25,D2
Wireless Gaming Headset,Immerse yourself in the game and enjoy crystal-clear audio with this wireless gaming headset.,100,D3
Smart Home Lighting Kit,Control the lighting in your home from anywhere with this smart home lighting kit.,30,D3
Wireless Touchpad Keyboard,Navigate your computer or smart TV easily with this wireless touchpad keyboard.,75,A1
Smart Home Door Lock,Control access to your home and monitor activity with this smart home door lock.,20,A2
Bluetooth Game Controller,Enjoy precise control and an immersive gaming experience with this Bluetooth game controller.,50,A3
Smartphone Camera Lens Kit,Take your smartphone photography to the next level with this lens kit.,100,B1
Wireless Earbuds Charging Case,Keep your wireless earbuds charged and protected on the go with this charging case.,150,B2